id,role_id,login,password,email,first_name,middle_name,last_name,birth_date,passport_no,address,phone,change_password_token,created_by,created_timestamp,deleted_by,deleted_timestamp,is_deleted,updated_by,updated_timestamp
101,4,rekd,4z2PR7DW,Thalia.Jary@fakemail.com,Thalia,Ermengarde,Jary,,4134012258,Porto,481021082,,ADMIN,2022-03-27 00:00:00.000000,ADMIN,2022-10-18 00:00:00.000000,true,ADMIN,2022-12-26 00:00:00.000000
103,3,ydvep,0t37YaIA,Ebonee.Kat@fakemail.com,Ebonee,Chere,Kat,,9802491804,Nairobi,349-66-38 772,,REGISTRATION,2022-03-13 00:00:00.000000,ADMIN,2022-05-12 00:00:00.000000,true,ADMIN,2022-06-14 00:00:00.000000
108,3,wyljho,AuijfBlW,Roz.Hermes@fakemail.com,Roz,Natka,Hermes,,134474861,Roseau,+734473-59386,,ADMIN,2022-04-09 00:00:00.000000,ADMIN,2022-07-30 00:00:00.000000,true,ADMIN,2022-09-06 00:00:00.000000
112,4,kpot,v2mV5WUB,Iseabal.Naashom@fakemail.com,Iseabal,Addia,Naashom,,5879381019,Arequipa,8-87221-4,,ADMIN,2022-02-16 00:00:00.000000,ADMIN,2022-06-13 00:00:00.000000,true,ADMIN,2022-11-11 00:00:00.000000
113,3,ixeeacpb,Ur78MR0T,Vivia.Bury@fakemail.com,Vivia,Dulce,Bury,,5129203919,Puebla,8-64 4451,,REGISTRATION,2022-03-27 00:00:00.000000,ADMIN,2022-07-31 00:00:00.000000,true,ADMIN,2022-05-14 00:00:00.000000
114,4,awhu,afPRB7jK,Mellicent.Loleta@fakemail.com,Mellicent,Elfreda,Loleta,,6351636748,Phuket (city),615517376-,,ADMIN,2022-03-01 00:00:00.000000,ADMIN,2022-07-24 00:00:00.000000,true,ADMIN,2022-05-20 00:00:00.000000
116,3,ezek,I9Gz9cYe,Lita.Hunfredo@fakemail.com,Lita,Beverley,Hunfredo,,4143700510,Ankara,+7-8 7678300,,ADMIN,2022-01-20 00:00:00.000000,ADMIN,2022-11-21 00:00:00.000000,true,ADMIN,2022-12-05 00:00:00.000000
118,4,prupi,vOCzFKPZ,Raf.Sisile@fakemail.com,Raf,Fredericka,Sisile,,3547940626,Kuching,(3470 921 -8,,ADMIN,2022-01-01 00:00:00.000000,ADMIN,2022-12-20 00:00:00.000000,true,ADMIN,2022-10-06 00:00:00.000000
119,4,lkamz,qI4FXPZz,Theodora.Zetta@fakemail.com,Theodora,Goldie,Zetta,,2912825650,Kharkiv,8294)-0010819029,,ADMIN,2022-02-02 00:00:00.000000,ADMIN,2022-06-29 00:00:00.000000,true,ADMIN,2022-12-21 00:00:00.000000
127,2,hbtgefhe,tk3nfQex,Fayre.Lowry@fakemail.com,Fayre,Marjie,Lowry,,6418005461,Almaty,(164) 1 57243 31,,REGISTRATION,2022-02-06 00:00:00.000000,ADMIN,2022-05-02 00:00:00.000000,true,ADMIN,2022-09-24 00:00:00.000000
128,2,mlga,t63n5slL,Stevana.Judye@fakemail.com,Stevana,Carilyn,Judye,,5038440912,Palikir,88-14 6,,REGISTRATION,2022-03-09 00:00:00.000000,ADMIN,2022-12-04 00:00:00.000000,true,ADMIN,2022-06-07 00:00:00.000000
129,2,nklgr,6hryv9s2,Alejandra.Esmaria@fakemail.com,Alejandra,Siana,Esmaria,,6040466692,Istanbul,903073,,ADMIN,2022-04-04 00:00:00.000000,ADMIN,2022-09-23 00:00:00.000000,true,ADMIN,2022-10-18 00:00:00.000000
131,4,pkal,ynDYwYiP,Cordi.Riva@fakemail.com,Cordi,Oona,Riva,,7241459726,Yamoussoukro,5806-8,,ADMIN,2022-03-25 00:00:00.000000,ADMIN,2022-12-25 00:00:00.000000,true,ADMIN,2022-09-26 00:00:00.000000
133,3,aicbcwb,66vC0f8x,Asia.Ehrman@fakemail.com,Asia,Amelia,Ehrman,,4939862902,Surat Thani,+7-13--9  42,,ADMIN,2022-02-19 00:00:00.000000,ADMIN,2022-09-21 00:00:00.000000,true,ADMIN,2022-12-06 00:00:00.000000
134,4,uzoyfoif,tAyJ0moF,Lindie.McGrody@fakemail.com,Lindie,Daune,McGrody,,5797428709,Dalian,+7-749) 75943925,,ADMIN,2022-03-30 00:00:00.000000,ADMIN,2022-08-03 00:00:00.000000,true,ADMIN,2022-06-24 00:00:00.000000
136,2,bpriow,XGmf2vog,Lauryn.Dearborn@fakemail.com,Lauryn,Abbie,Dearborn,,5766711814,Tampa,917)642155-318,,REGISTRATION,2022-01-03 00:00:00.000000,ADMIN,2022-06-07 00:00:00.000000,true,ADMIN,2022-12-13 00:00:00.000000
139,2,cueyq,9nyHRZEV,Kaja.Alexandr@fakemail.com,Kaja,Lisette,Alexandr,,6222588845,Maceió,(9606-376  1,,REGISTRATION,2022-03-29 00:00:00.000000,ADMIN,2022-06-22 00:00:00.000000,true,ADMIN,2022-06-20 00:00:00.000000
140,2,uooawtps,p19MwPvB,Kial.Riordan@fakemail.com,Kial,Petronia,Riordan,,263236977,Lomé,+7  77-9894,,ADMIN,2022-01-31 00:00:00.000000,ADMIN,2022-11-24 00:00:00.000000,true,ADMIN,2022-06-26 00:00:00.000000
142,3,fuwkvcb,2o6f9mhK,Kellen.Gualtiero@fakemail.com,Kellen,Nelle,Gualtiero,,7764205733,Banjul,633-989174412,,ADMIN,2022-03-18 00:00:00.000000,ADMIN,2022-06-06 00:00:00.000000,true,ADMIN,2022-06-30 00:00:00.000000
144,3,eokrdiy,1puatZL4,Aurore.Hachmin@fakemail.com,Aurore,Joelly,Hachmin,,3817158004,Bogor,24149-4532,,REGISTRATION,2022-02-09 00:00:00.000000,ADMIN,2022-05-05 00:00:00.000000,true,ADMIN,2022-06-20 00:00:00.000000
145,3,kfik,bipdwlor,Ardeen.Leary@fakemail.com,Ardeen,Ellette,Leary,,7875954849,Espoo,66340951,,REGISTRATION,2022-02-23 00:00:00.000000,ADMIN,2022-09-23 00:00:00.000000,true,ADMIN,2022-10-05 00:00:00.000000
146,4,xkdm,8jHuMvki,Wynne.Cavan@fakemail.com,Wynne,Minne,Cavan,,4176616550,Baltimore,8414851963912,,REGISTRATION,2022-01-25 00:00:00.000000,ADMIN,2022-08-13 00:00:00.000000,true,ADMIN,2022-11-16 00:00:00.000000
100,4,fkaiy,l9YHiTis,Letizia.Jerald@fakemail.com,Letizia,Sidoney,Jerald,,5929771836,Dubai,(279)3--6 555,,REGISTRATION,2022-02-17 00:00:00.000000,null,,false,ADMIN,2022-09-18 00:00:00.000000
102,3,ujbtwrnq,Bn0boiKk,Ermengarde.Maryanne@fakemail.com,Ermengarde,Jere,Maryanne,,3921254105,Stepanakert,+7(387)-632190,,ADMIN,2022-03-21 00:00:00.000000,null,,false,ADMIN,2022-11-05 00:00:00.000000
104,3,gydpbwxk,NivYjQ4p,Winifred.Sperling@fakemail.com,Winifred,Jerry,Sperling,,7278645828,Podgorica,7611508560,,REGISTRATION,2022-04-03 00:00:00.000000,null,,false,ADMIN,2022-12-26 00:00:00.000000
105,2,mwzzrkgy,6lHZHNn0,Carlie.Breed@fakemail.com,Carlie,Cristine,Breed,,3733400507,Andorra la Vella,84696702,,ADMIN,2022-04-09 00:00:00.000000,null,,false,ADMIN,2022-06-04 00:00:00.000000
106,4,tlckdvsc,ixGFDd5I,Rozele.Nedrud@fakemail.com,Rozele,Belinda,Nedrud,,6164425458,Adamstown,87297306258,,REGISTRATION,2022-03-19 00:00:00.000000,null,,false,ADMIN,2022-09-25 00:00:00.000000
107,2,tgywqeda,CYm42m5o,Liana.Eckblad@fakemail.com,Liana,Madalyn,Eckblad,,6533948389,Faisalabad,179830,,ADMIN,2022-04-20 00:00:00.000000,null,,false,ADMIN,2022-07-03 00:00:00.000000
109,4,rqkqkod,jgQ4OD0q,Sara-Ann.Gilbertson@fakemail.com,Sara-Ann,Marcy,Gilbertson,,7509080586,Porto Velho,53-03 -9,,ADMIN,2022-03-08 00:00:00.000000,null,,false,ADMIN,2022-08-10 00:00:00.000000
110,2,wzneqr,eaRhNekf,Ernesta.McGrody@fakemail.com,Ernesta,Heida,McGrody,,6025235072,Lhasa,8-7-732968,,ADMIN,2022-02-13 00:00:00.000000,null,,false,ADMIN,2022-11-08 00:00:00.000000
111,3,jeysg,3XOOVyya,Carilyn.Fax@fakemail.com,Carilyn,Glenda,Fax,,6401883850,Lhasa,2 7697-600,,REGISTRATION,2022-04-13 00:00:00.000000,null,,false,ADMIN,2022-12-23 00:00:00.000000
115,4,ckwcfw,T2nul49M,Merle.Ellord@fakemail.com,Merle,Tracey,Ellord,,8341920978,Banda Aceh,+7(126)-2-34 433,,ADMIN,2022-04-14 00:00:00.000000,null,,false,ADMIN,2022-08-15 00:00:00.000000
117,4,krgyc,v6ane3Pb,Evita.Tyson@fakemail.com,Evita,Di,Tyson,,8550578530,Montreal,+7(54332320 -601,,REGISTRATION,2022-03-29 00:00:00.000000,null,,false,ADMIN,2022-11-29 00:00:00.000000
125,4,ugneknyb,8Lq6IAqm,Alleen.Grimbly@fakemail.com,Alleen,Kaia,Grimbly,,3658046514,Angra do Heroísmo,+7199-72-2,,ADMIN,2022-02-09 00:00:00.000000,null,,false,ADMIN,2022-11-28 00:00:00.000000
126,2,zmccrj,UKZzQFMR,Demetris.Thomasina@fakemail.com,Demetris,Eve,Thomasina,,3631525948,Phoenix,893 -82,,REGISTRATION,2022-02-26 00:00:00.000000,null,,false,ADMIN,2022-08-24 00:00:00.000000
130,2,cpsk,SvrJ2dgi,Emelina.Callista@fakemail.com,Emelina,Helsa,Callista,,7093259787,Jinan,+7 0709819,,REGISTRATION,2022-03-07 00:00:00.000000,null,,false,ADMIN,2022-09-25 00:00:00.000000
132,2,slvpnlsu,LvIpdgPy,Miquela.Durante@fakemail.com,Miquela,Pamella,Durante,,2215275284,Bishkek,709107-,,REGISTRATION,2022-03-21 00:00:00.000000,null,,false,ADMIN,2022-12-03 00:00:00.000000
135,2,syftkey,8qYfiETo,Annaliese.Fleeta@fakemail.com,Annaliese,Gianina,Fleeta,,5377768574,Minneapolis,9 2 2  56,,REGISTRATION,2022-03-29 00:00:00.000000,null,,false,ADMIN,2022-05-30 00:00:00.000000
137,4,awkzw,8GMahAmx,Cyndie.Thomasina@fakemail.com,Cyndie,Brietta,Thomasina,,2850295671,Dededo,8163079237941,,ADMIN,2022-04-14 00:00:00.000000,null,,false,ADMIN,2022-08-14 00:00:00.000000
138,4,ezueyawc,7ZxJjzLe,Emma.Emanuel@fakemail.com,Emma,Talya,Emanuel,,5758231777,Oklahoma City,756-8137796,,ADMIN,2022-02-11 00:00:00.000000,null,,false,ADMIN,2022-08-25 00:00:00.000000
141,4,uqepckcr,BN3Sn9Iz,Zia.Cottle@fakemail.com,Zia,Quintina,Cottle,,9027436705,Dodoma,+7- 2050-4,,ADMIN,2022-03-30 00:00:00.000000,null,,false,ADMIN,2022-07-25 00:00:00.000000
143,2,tcupi,cdudxeni,Oralee.Craggie@fakemail.com,Oralee,Adore,Craggie,,1430199452,St. Louis,+7-283)36901 02-,,REGISTRATION,2022-01-07 00:00:00.000000,null,,false,ADMIN,2022-11-15 00:00:00.000000
147,3,ffgyqgc,l1skXUab,Rosabelle.Roscoe@fakemail.com,Rosabelle,Kayla,Roscoe,,5950384640,Beijing,8-(774)- 1857  56,,ADMIN,2022-04-05 00:00:00.000000,null,,false,ADMIN,2022-06-17 00:00:00.000000
148,2,ukstcr,8ybSm6b8,Margette.Lindemann@fakemail.com,Margette,Elsie,Lindemann,,6242156977,Udon Thani,(7326-9869443,,ADMIN,2022-03-13 00:00:00.000000,null,,false,ADMIN,2022-06-18 00:00:00.000000
149,4,ggpmtq,lJlyFh0B,Wanda.Schonfeld@fakemail.com,Wanda,Micheline,Schonfeld,,1920986593,Sucre,891) 7733310638,,ADMIN,2022-01-02 00:00:00.000000,null,,false,ADMIN,2022-05-26 00:00:00.000000
120,3,mtnxf,GQbOv8nw,evgeniibash@ya.ru,Cindelyn,Roberta,Septima,,2894718118,Jaipur,43 4 53-21,,REGISTRATION,2022-02-16 00:00:00.000000,null,,false,ADMIN,2022-11-05 00:00:00.000000
124,2,mkjrlc,RROOMrSc,evgeniibash@yandex.ru,Joane,Konstance,Kiyoshi,,7723258248,Puebla,85511078,,REGISTRATION,2022-03-23 00:00:00.000000,null,,false,ADMIN,2022-09-01 00:00:00.000000
122,4,ugiloul,Z9h0Xt10,evgeniibash@yandex.com,Wilma,Courtnay,Tarrant,,5920272332,Muscat,131)0098859855,,ADMIN,2022-01-25 00:00:00.000000,null,,false,ADMIN,2022-06-29 00:00:00.000000
121,3,jhsodhy,NTQQ7z7L,evgeniibash@yandex.by,Lusa,Annaliese,Tremayne,,9622748475,Monaco,0-113-422,,ADMIN,2022-04-05 00:00:00.000000,ADMIN,2022-11-03 00:00:00.000000,true,ADMIN,2022-07-06 00:00:00.000000
123,2,unijlq,HdDQXPBN,evgeniibash@yandex.kz,Luci,Rayna,Gemini,,3026157729,Nashville,81299988,,REGISTRATION,2022-02-07 00:00:00.000000,null,,false,ADMIN,2022-10-15 00:00:00.000000
