id,created_by,created_timestamp,deleted_by,deleted_timestamp,is_deleted,updated_by,updated_timestamp,address,birth_date,email,first_name,last_name,login,middle_name,passport_no,password,phone,role_id
101,ADMIN,2022-03-27 00:00:00.000000,ADMIN,2022-10-18 00:00:00.000000,true,ADMIN,2022-12-26 00:00:00.000000,Porto,1976-10-07 00:00:00.000000,@fakemail.com,Merrie,Ade,rekd,Ermengarde,4134012258,4z2PR7DW,48 1021082,4
103,REGISTRATION,2022-03-13 00:00:00.000000,ADMIN,2022-05-12 00:00:00.000000,true,ADMIN,2022-06-14 00:00:00.000000,Nairobi,1996-05-27 00:00:00.000000,@fakemail.com,Monika,Donell,ydvep,Chere,9802491804,0t37YaIA,349-66-38 772,3
108,ADMIN,2022-04-09 00:00:00.000000,ADMIN,2022-07-30 00:00:00.000000,true,ADMIN,2022-09-06 00:00:00.000000,Roseau,1990-10-27 00:00:00.000000,@fakemail.com,Teriann,Niles,wyljho,Natka,134474861,AuijfBlW,+734473-59386,3
112,ADMIN,2022-02-16 00:00:00.000000,ADMIN,2022-06-13 00:00:00.000000,true,ADMIN,2022-11-11 00:00:00.000000,Arequipa,1993-07-06 00:00:00.000000,@fakemail.com,Marsiella,Chinua,kpot,Addia,5879381019,v2mV5WUB,8-87221-4 ,4
113,REGISTRATION,2022-03-27 00:00:00.000000,ADMIN,2022-07-31 00:00:00.000000,true,ADMIN,2022-05-14 00:00:00.000000,Puebla,1991-03-25 00:00:00.000000,@fakemail.com,Leeanne,Karl,ixeeacpb,Dulce,5129203919,Ur78MR0T,8-64 4451,3
114,ADMIN,2022-03-01 00:00:00.000000,ADMIN,2022-07-24 00:00:00.000000,true,ADMIN,2022-05-20 00:00:00.000000,Phuket (city),1998-04-29 00:00:00.000000,@fakemail.com,Damaris,Capello,awhu,Elfreda,6351636748,afPRB7jK,615517376-,4
116,ADMIN,2022-01-20 00:00:00.000000,ADMIN,2022-11-21 00:00:00.000000,true,ADMIN,2022-12-05 00:00:00.000000,Ankara,1993-09-30 00:00:00.000000,@fakemail.com,Edyth,Christal,ezek,Beverley,4143700510,I9Gz9cYe,+7-8 7678300,3
118,ADMIN,2022-01-01 00:00:00.000000,ADMIN,2022-12-20 00:00:00.000000,true,ADMIN,2022-10-06 00:00:00.000000,Kuching,1989-09-24 00:00:00.000000,@fakemail.com,Trudie,Pernick,prupi,Fredericka,3547940626,vOCzFKPZ,(3470 921 -8,4
119,ADMIN,2022-02-02 00:00:00.000000,ADMIN,2022-06-29 00:00:00.000000,true,ADMIN,2022-12-21 00:00:00.000000,Kharkiv,1978-04-17 00:00:00.000000,@fakemail.com,Tomasina,Amadas,lkamz,Goldie,2912825650,qI4FXPZz,8294)-0010819029,4
121,ADMIN,2022-04-05 00:00:00.000000,ADMIN,2022-11-03 00:00:00.000000,true,ADMIN,2022-07-06 00:00:00.000000,Monaco,1986-09-24 00:00:00.000000,@fakemail.com,Courtnay,Cherianne,jhsodhy,Annaliese,9622748475,NTQQ7z7L, 0-113-422,3
127,REGISTRATION,2022-02-06 00:00:00.000000,ADMIN,2022-05-02 00:00:00.000000,true,ADMIN,2022-09-24 00:00:00.000000,Almaty,1984-09-13 00:00:00.000000,@fakemail.com,Steffane,Adlare,hbtgefhe,Marjie,6418005461,tk3nfQex,(164) 1 57243 31,2
128,REGISTRATION,2022-03-09 00:00:00.000000,ADMIN,2022-12-04 00:00:00.000000,true,ADMIN,2022-06-07 00:00:00.000000,Palikir,1999-10-20 00:00:00.000000,@fakemail.com,Averyl,Caitlin,mlga,Carilyn,5038440912,t63n5slL,88-14 6,2
129,ADMIN,2022-04-04 00:00:00.000000,ADMIN,2022-09-23 00:00:00.000000,true,ADMIN,2022-10-18 00:00:00.000000,Istanbul,1988-07-19 00:00:00.000000,@fakemail.com,Barbi,Kathie,nklgr,Siana,6040466692,6hryv9s2,90 3073,2
131,ADMIN,2022-03-25 00:00:00.000000,ADMIN,2022-12-25 00:00:00.000000,true,ADMIN,2022-09-26 00:00:00.000000,Yamoussoukro,1974-07-07 00:00:00.000000,@fakemail.com,Alexine,Nahum,pkal,Oona,7241459726,ynDYwYiP,5806-8  ,4
133,ADMIN,2022-02-19 00:00:00.000000,ADMIN,2022-09-21 00:00:00.000000,true,ADMIN,2022-12-06 00:00:00.000000,Surat Thani,1986-03-14 00:00:00.000000,@fakemail.com,Raf,Lia,aicbcwb,Amelia,4939862902,66vC0f8x,+7-13--9  42,3
134,ADMIN,2022-03-30 00:00:00.000000,ADMIN,2022-08-03 00:00:00.000000,true,ADMIN,2022-06-24 00:00:00.000000,Dalian,1986-12-17 00:00:00.000000,@fakemail.com,Wynne,Hazlett,uzoyfoif,Daune,5797428709,tAyJ0moF,+7-749) 75943925,4
136,REGISTRATION,2022-01-03 00:00:00.000000,ADMIN,2022-06-07 00:00:00.000000,true,ADMIN,2022-12-13 00:00:00.000000,Tampa,1992-03-18 00:00:00.000000,@fakemail.com,Alameda,Louanna,bpriow,Abbie,5766711814,XGmf2vog,917)642155-318,2
139,REGISTRATION,2022-03-29 00:00:00.000000,ADMIN,2022-06-22 00:00:00.000000,true,ADMIN,2022-06-20 00:00:00.000000,Maceió,1987-11-10 00:00:00.000000,@fakemail.com,Catrina,Havens,cueyq,Lisette,6222588845,9nyHRZEV,(9606-376  1,2
140,ADMIN,2022-01-31 00:00:00.000000,ADMIN,2022-11-24 00:00:00.000000,true,ADMIN,2022-06-26 00:00:00.000000,Lomé,1996-01-18 00:00:00.000000,@fakemail.com,Maud,Stilwell,uooawtps,Petronia,263236977,p19MwPvB,+7  77-9894,2
142,ADMIN,2022-03-18 00:00:00.000000,ADMIN,2022-06-06 00:00:00.000000,true,ADMIN,2022-06-30 00:00:00.000000,Banjul,1984-03-07 00:00:00.000000,@fakemail.com,Valera,Hubert,fuwkvcb,Nelle,7764205733,2o6f9mhK,633-989174412,3
144,REGISTRATION,2022-02-09 00:00:00.000000,ADMIN,2022-05-05 00:00:00.000000,true,ADMIN,2022-06-20 00:00:00.000000,Bogor,1986-05-30 00:00:00.000000,@fakemail.com,Helsa,Phyllis,eokrdiy,Joelly,3817158004,1puatZL4,24149-4532,3
145,REGISTRATION,2022-02-23 00:00:00.000000,ADMIN,2022-09-23 00:00:00.000000,true,ADMIN,2022-10-05 00:00:00.000000,Espoo,1991-07-18 00:00:00.000000,@fakemail.com,Darlleen,Sasnett,kfik,Ellette,7875954849,bipdwlor,663 409 51,3
146,REGISTRATION,2022-01-25 00:00:00.000000,ADMIN,2022-08-13 00:00:00.000000,true,ADMIN,2022-11-16 00:00:00.000000,Baltimore,1995-08-14 00:00:00.000000,@fakemail.com,Janeczka,Irmine,xkdm,Minne,4176616550,8jHuMvki,841485 1963912,4
100,REGISTRATION,2022-02-17 00:00:00.000000,null,,false,ADMIN,2022-09-18 00:00:00.000000,Dubai,1987-01-19 00:00:00.000000,@fakemail.com,Desirae,Hashim,fkaiy,Sidoney,5929771836,l9YHiTis,(279)3--6 555,4
102,ADMIN,2022-03-21 00:00:00.000000,null,,false,ADMIN,2022-11-05 00:00:00.000000,Stepanakert,1986-12-09 00:00:00.000000,@fakemail.com,Pierette,Nelsen,ujbtwrnq,Jere,3921254105,Bn0boiKk,+7(387)-632190,3
104,REGISTRATION,2022-04-03 00:00:00.000000,null,,false,ADMIN,2022-12-26 00:00:00.000000,Podgorica,1993-08-26 00:00:00.000000,@fakemail.com,Dode,Bach,gydpbwxk,Jerry,7278645828,NivYjQ4p,7611508560,3
105,ADMIN,2022-04-09 00:00:00.000000,null,,false,ADMIN,2022-06-04 00:00:00.000000,Andorra la Vella,1982-10-23 00:00:00.000000,@fakemail.com,Arabel,Kress,mwzzrkgy,Cristine,3733400507,6lHZHNn0,84 696702,2
106,REGISTRATION,2022-03-19 00:00:00.000000,null,,false,ADMIN,2022-09-25 00:00:00.000000,Adamstown,1983-11-29 00:00:00.000000,@fakemail.com,Alisha,Dorine,tlckdvsc,Belinda,6164425458,ixGFDd5I,87297306258,4
107,ADMIN,2022-04-20 00:00:00.000000,null,,false,ADMIN,2022-07-03 00:00:00.000000,Faisalabad,1990-10-17 00:00:00.000000,@fakemail.com,Nariko,McLaughlin,tgywqeda,Madalyn,6533948389,CYm42m5o,179830,2
109,ADMIN,2022-03-08 00:00:00.000000,null,,false,ADMIN,2022-08-10 00:00:00.000000,Porto Velho,2001-04-15 00:00:00.000000,@fakemail.com,Pearline,Gerge,rqkqkod,Marcy,7509080586,jgQ4OD0q,53-03 -9,4
110,ADMIN,2022-02-13 00:00:00.000000,null,,false,ADMIN,2022-11-08 00:00:00.000000,Lhasa,1977-06-22 00:00:00.000000,@fakemail.com,Wendi,Kevon,wzneqr,Heida,6025235072,eaRhNekf,8-7-732968,2
111,REGISTRATION,2022-04-13 00:00:00.000000,null,,false,ADMIN,2022-12-23 00:00:00.000000,Lhasa,1991-12-25 00:00:00.000000,@fakemail.com,Renie,Bohlin,jeysg,Glenda,6401883850,3XOOVyya,2 7697-600,3
115,ADMIN,2022-04-14 00:00:00.000000,null,,false,ADMIN,2022-08-15 00:00:00.000000,Banda Aceh,2000-01-02 00:00:00.000000,@fakemail.com,Shannah,Saree,ckwcfw,Tracey,8341920978,T2nul49M,+7(126)-2-34 433 ,4
117,REGISTRATION,2022-03-29 00:00:00.000000,null,,false,ADMIN,2022-11-29 00:00:00.000000,Montreal,1996-09-28 00:00:00.000000,@fakemail.com,Flory,Mathilde,krgyc,Di,8550578530,v6ane3Pb,+7(54332320 -601,4
120,REGISTRATION,2022-02-16 00:00:00.000000,null,,false,ADMIN,2022-11-05 00:00:00.000000,Jaipur,1998-08-15 00:00:00.000000,@fakemail.com,Jaclyn,Bennie,mtnxf,Roberta,2894718118,GQbOv8nw,43 4 53-21,3
122,ADMIN,2022-01-25 00:00:00.000000,null,,false,ADMIN,2022-06-29 00:00:00.000000,Muscat,1996-01-13 00:00:00.000000,@fakemail.com,Zondra,Desai,ugiloul,Courtnay,5920272332,Z9h0Xt10,131)0098859855,4
123,REGISTRATION,2022-02-07 00:00:00.000000,null,,false,ADMIN,2022-10-15 00:00:00.000000,Nashville,1997-02-07 00:00:00.000000,@fakemail.com,Yvonne,Ramona,unijlq,Rayna,3026157729,HdDQXPBN,81 299988,2
124,REGISTRATION,2022-03-23 00:00:00.000000,null,,false,ADMIN,2022-09-01 00:00:00.000000,Puebla,1993-11-12 00:00:00.000000,@fakemail.com,Aili,Grobe,mkjrlc,Konstance,7723258248,RROOMrSc,85511078,2
125,ADMIN,2022-02-09 00:00:00.000000,null,,false,ADMIN,2022-11-28 00:00:00.000000,Angra do Heroísmo,1990-06-06 00:00:00.000000,@fakemail.com,Nelle,Silvan,ugneknyb,Kaia,3658046514,8Lq6IAqm,+7199-72-2,4
126,REGISTRATION,2022-02-26 00:00:00.000000,null,,false,ADMIN,2022-08-24 00:00:00.000000,Phoenix,1990-04-27 00:00:00.000000,@fakemail.com,Fidelia,Corilla,zmccrj,Eve,3631525948,UKZzQFMR,893 -82,2
130,REGISTRATION,2022-03-07 00:00:00.000000,null,,false,ADMIN,2022-09-25 00:00:00.000000,Jinan,1989-04-19 00:00:00.000000,@fakemail.com,Sandie,Chaing,cpsk,Helsa,7093259787,SvrJ2dgi,+7 0709819,2
132,REGISTRATION,2022-03-21 00:00:00.000000,null,,false,ADMIN,2022-12-03 00:00:00.000000,Bishkek,1993-03-03 00:00:00.000000,@fakemail.com,Maud,Jerold,slvpnlsu,Pamella,2215275284,LvIpdgPy,709107-,2
135,REGISTRATION,2022-03-29 00:00:00.000000,null,,false,ADMIN,2022-05-30 00:00:00.000000,Minneapolis,1984-02-28 00:00:00.000000,@fakemail.com,Gwyneth,Arley,syftkey,Gianina,5377768574,8qYfiETo,9 2 2  56,2
137,ADMIN,2022-04-14 00:00:00.000000,null,,false,ADMIN,2022-08-14 00:00:00.000000,Dededo,1998-02-24 00:00:00.000000,@fakemail.com,Elise,Sasnett,awkzw,Brietta,2850295671,8GMahAmx,8163079237941,4
138,ADMIN,2022-02-11 00:00:00.000000,null,,false,ADMIN,2022-08-25 00:00:00.000000,Oklahoma City,1986-10-23 00:00:00.000000,@fakemail.com,Deloria,Iphlgenia,ezueyawc,Talya,5758231777,7ZxJjzLe,756-8137796,4
141,ADMIN,2022-03-30 00:00:00.000000,null,,false,ADMIN,2022-07-25 00:00:00.000000,Dodoma,1979-01-15 00:00:00.000000,@fakemail.com,Kathi,Bord,uqepckcr,Quintina,9027436705,BN3Sn9Iz,+7- 2050-4,4
143,REGISTRATION,2022-01-07 00:00:00.000000,null,,false,ADMIN,2022-11-15 00:00:00.000000,St. Louis,1993-09-20 00:00:00.000000,@fakemail.com,Maisey,Brandice,tcupi,Adore,1430199452,cdudxeni,+7-283)36901 02-,2
147,ADMIN,2022-04-05 00:00:00.000000,null,,false,ADMIN,2022-06-17 00:00:00.000000,Beijing,1998-12-14 00:00:00.000000,@fakemail.com,Oralee,Gert,ffgyqgc,Kayla,5950384640,l1skXUab,8-(774)- 1857  56 ,3
148,ADMIN,2022-03-13 00:00:00.000000,null,,false,ADMIN,2022-06-18 00:00:00.000000,Udon Thani,1993-06-26 00:00:00.000000,@fakemail.com,Cathie,Serilda,ukstcr,Elsie,6242156977,8ybSm6b8,(7326-9869443 ,2
149,ADMIN,2022-01-02 00:00:00.000000,null,,false,ADMIN,2022-05-26 00:00:00.000000,Sucre,1976-10-17 00:00:00.000000,@fakemail.com,Lory,Malanie,ggpmtq,Micheline,1920986593,lJlyFh0B,891) 7733310638,4
